{
  "version": 1,
  "author": "Anonymous maker",
  "editor": "wokwi",
  "parts": [
    { "type": "board-esp32-devkit-c-v4", "id": "esp", "top": 0, "left": -4.76, "attrs": {} },
    {
      "type": "wokwi-resistor",
      "id": "r1",
      "top": 128.75,
      "left": 153.6,
      "attrs": { "value": "220000" }
    },
    {
      "type": "wokwi-lcd2004",
      "id": "lcd1",
      "top": -185.6,
      "left": 197.6,
      "attrs": { "pins": "i2c" }
    },
    {
      "type": "wokwi-led",
      "id": "led1",
      "top": 94.8,
      "left": 246.6,
      "rotate": 90,
      "attrs": { "color": "orange", "flip": "" }
    },
    {
      "type": "wokwi-buzzer",
      "id": "bz1",
      "top": -7.2,
      "left": 203.4,
      "attrs": { "volume": "0.1" }
    },
    {
      "type": "wokwi-pushbutton",
      "id": "btn4",
      "top": 169.4,
      "left": -182.4,
      "attrs": { "color": "red", "xray": "1" }
    },
    {
      "type": "wokwi-pushbutton-6mm",
      "id": "btn1",
      "top": 113,
      "left": -163.2,
      "attrs": { "color": "blue", "xray": "1" }
    },
    {
      "type": "wokwi-pushbutton-6mm",
      "id": "btn2",
      "top": 141.8,
      "left": -163.2,
      "attrs": { "color": "blue", "xray": "1" }
    },
    {
      "type": "wokwi-pushbutton-6mm",
      "id": "btn3",
      "top": 84.2,
      "left": -163.2,
      "attrs": { "color": "blue", "xray": "1" }
    },
    {
      "type": "wokwi-servo",
      "id": "servo1",
      "top": -404.2,
      "left": -190.2,
      "rotate": 270,
      "attrs": {}
    },
    {
      "type": "wokwi-servo",
      "id": "servo2",
      "top": 113.2,
      "left": 374.4,
      "attrs": { "horn": "cross" }
    },
    {
      "type": "wokwi-text",
      "id": "text1",
      "top": 86.4,
      "left": -307.2,
      "attrs": { "text": "Queda Relatada" }
    },
    {
      "type": "wokwi-text",
      "id": "text2",
      "top": 115.2,
      "left": -326.4,
      "attrs": { "text": "Vazamento de Gas" }
    },
    {
      "type": "wokwi-text",
      "id": "text3",
      "top": 144,
      "left": -316.8,
      "attrs": { "text": "Hora do Remédio" }
    },
    {
      "type": "wokwi-text",
      "id": "text4",
      "top": 182.4,
      "left": -316.8,
      "attrs": { "text": "Desativar Alarme" }
    },
    {
      "type": "wokwi-servo",
      "id": "servo3",
      "top": -404.2,
      "left": -103.8,
      "rotate": 270,
      "attrs": {}
    },
    {
      "type": "wokwi-servo",
      "id": "servo4",
      "top": -404.2,
      "left": 414.6,
      "rotate": 270,
      "attrs": {}
    },
    {
      "type": "wokwi-servo",
      "id": "servo5",
      "top": -404.2,
      "left": -17.4,
      "rotate": 270,
      "attrs": {}
    },
    {
      "type": "wokwi-servo",
      "id": "servo6",
      "top": -404.2,
      "left": 69,
      "rotate": 270,
      "attrs": {}
    },
    {
      "type": "wokwi-servo",
      "id": "servo7",
      "top": -404.2,
      "left": 155.4,
      "rotate": 270,
      "attrs": {}
    },
    {
      "type": "wokwi-servo",
      "id": "servo8",
      "top": -404.2,
      "left": 241.8,
      "rotate": 270,
      "attrs": {}
    },
    {
      "type": "wokwi-servo",
      "id": "servo9",
      "top": -404.2,
      "left": 328.2,
      "rotate": 270,
      "attrs": {}
    }
  ],
  "connections": [
    [ "esp:TX", "$serialMonitor:RX", "", [] ],
    [ "esp:RX", "$serialMonitor:TX", "", [] ],
    [ "esp:21", "lcd1:SDA", "green", [ "h67.2", "v-211.4" ] ],
    [ "esp:22", "lcd1:SCL", "green", [ "h67.2", "v-173.1" ] ],
    [ "lcd1:GND", "esp:GND.2", "black", [ "h-19.2", "v96" ] ],
    [ "r1:1", "esp:16", "orange", [ "v0" ] ],
    [ "bz1:2", "esp:17", "magenta", [ "v48", "h-0.4" ] ],
    [ "esp:14", "btn4:2.r", "blue", [ "h-19.05", "v67" ] ],
    [ "btn2:2.r", "esp:27", "blue", [ "h116", "v-38" ] ],
    [ "btn1:2.r", "esp:26", "blue", [ "h116", "v-18.8" ] ],
    [ "btn3:2.r", "esp:25", "blue", [ "h125.6", "v10" ] ],
    [ "esp:GND.1", "btn4:1.r", "black", [ "h-119.81" ] ],
    [ "esp:GND.1", "btn2:1.r", "black", [ "h-115.05", "v-9.6" ] ],
    [ "esp:GND.1", "btn1:1.r", "black", [ "h-115.05", "v-38.4" ] ],
    [ "esp:GND.1", "btn3:1.r", "black", [ "h-115.05", "v-67.2" ] ],
    [ "servo1:GND", "esp:GND.1", "black", [ "v412.8", "h115.05" ] ],
    [ "esp:5V", "servo2:V+", "red", [ "h-19.05", "v19.2", "h249.6", "v-48.1" ] ],
    [ "esp:5V", "servo1:V+", "red", [ "h-67.05", "v-345.6", "h-38.5" ] ],
    [ "lcd1:VCC", "esp:3V3", "red", [ "h-249.6", "v172.9" ] ],
    [ "led1:A", "r1:2", "orange", [ "v0" ] ],
    [ "servo4:V+", "esp:5V", "red", [ "v48", "h-566.3", "v412.8" ] ],
    [ "servo9:V+", "esp:5V", "red", [ "v48", "h-479.9", "v412.8" ] ],
    [ "servo8:V+", "esp:5V", "red", [ "v48", "h-393.5", "v412.8" ] ],
    [ "servo7:V+", "esp:5V", "red", [ "v28.8", "h0.1", "v19.2", "h-307.2", "v412.8" ] ],
    [ "servo6:V+", "esp:5V", "red", [ "v48", "h-220.7", "v403.2" ] ],
    [ "servo5:V+", "esp:5V", "red", [ "v48", "h-134.3", "v412.8" ] ],
    [ "servo3:V+", "esp:5V", "red", [ "v48", "h-47.9", "v403.2" ] ],
    [ "servo3:GND", "esp:GND.1", "black", [ "v57.6", "h-86.4", "v355.2" ] ],
    [ "servo5:GND", "esp:GND.1", "black", [ "v57.6", "h-172.8", "v355.2" ] ],
    [ "servo4:GND", "esp:GND.1", "black", [ "v57.6", "h0", "v0", "h-604.8", "v355.2" ] ],
    [ "servo9:GND", "esp:GND.1", "black", [ "v57.6", "h-518.4", "v355.2" ] ],
    [ "servo6:GND", "esp:GND.1", "black", [ "v57.6", "h-259.2", "v355.2" ] ],
    [ "servo7:GND", "esp:GND.1", "black", [ "v57.6", "h-345.6", "v48" ] ],
    [ "servo8:GND", "esp:GND.1", "black", [ "v57.6", "h-432", "v355.2" ] ],
    [ "esp:GND.3", "bz1:1", "black", [ "h134.4" ] ],
    [ "esp:GND.3", "led1:C", "black", [ "h134.4", "v28.8" ] ],
    [ "esp:GND.3", "servo2:GND", "black", [ "h134.4", "v76.8", "h9.6" ] ],
    [ "servo4:PWM", "esp:4", "yellow", [ "v67.2", "h-364.6", "v336" ] ],
    [ "servo9:PWM", "esp:5", "yellow", [ "v67.2", "h-278.2", "v307.2" ] ],
    [ "servo8:PWM", "esp:12", "yellow", [ "v67.2", "h-364.6", "v336" ] ],
    [ "servo7:PWM", "esp:13", "yellow", [ "v67.2", "h-278.2", "v355.2" ] ],
    [ "servo6:PWM", "esp:19", "yellow", [ "v67.2", "h-19", "v288" ] ],
    [ "servo5:PWM", "esp:23", "yellow", [ "v67.2", "h67.4", "v230.4" ] ],
    [ "servo1:PWM", "esp:33", "yellow", [ "v67.2", "h67.4", "v9.6", "h0", "v278.4" ] ],
    [ "servo3:PWM", "esp:32", "yellow", [ "v67.2", "h-19", "v278.4" ] ],
    [ "servo2:PWM", "esp:18", "cyan", [ "h-249.6", "v-76.6" ] ]
  ],
  "dependencies": {}
}